position_bucket,n,mae,median_abs_err,mape
C,3,3166666.6666666665,2000000.0,27.566666666666666
DH,1,20000000.0,20000000.0,28.6
IF,9,4210493.888888889,3000000.0,16.88888888888889
OF,6,3977430.6666666665,3729167.0,21.75
RP,3,2766666.6666666665,1500000.0,27.833333333333332
SP,4,3029018.0,3214286.0,12.95
