position_bucket,n,mae,median_abs_err,mape
C,3,3000000.0,3000000.0,36.333333333333336
DH,1,45000000.0,45000000.0,64.3
IF,9,2803423.0,2727273.0,11.177777777777777
OF,6,4310764.0,4875000.0,20.766666666666666
RP,3,2766666.6666666665,1500000.0,27.833333333333332
SP,4,2185268.0,2656250.0,9.2
