subset,model,label,n,r2,rss,beta,pvals,cols,pooled_cv_r2
all years,baseline,all-years-baseline,180,0.07763867821166415,84734.485561056,"[74.21051234705398, -0.19501362093555377, -0.2885167670524625, 0.8702624347553467, 0.26162069502370633]","[0.10772476069735548, 0.3250560846938928, 0.10464779815264591, 0.00027977424301406373, 0.8732167104050297]","['last_year_wins', 'pythag_wins', 'team_war', 'roster_age']",-0.4947821992910333
all years,extended,all-years-extended,180,0.08265008245733041,84274.10333267754,"[93.68002526289003, -0.1734951672002607, -0.29340902196719987, 0.8447508709377798, -0.009159528951520217, -0.5097165090845762]","[0.06298366524481791, 0.38416478542917165, 0.09912892872071666, 0.00045021292206426367, 0.9956056776694617, 0.33093354487690063]","['last_year_wins', 'pythag_wins', 'team_war', 'roster_age', 'gap_score']",-0.47727583859568123
excl. COVID,baseline,no-covid-baseline,120,0.3838505300833046,12152.310860588068,"[121.18185529094808, 0.3036994869924681, -0.047026410411081125, 0.37001573602739984, -2.608551862449742]","[1.7629034573696245e-05, 0.13570305026836915, 0.6508573840182108, 0.10400129875815689, 0.005606892688120535]","['last_year_wins', 'pythag_wins', 'team_war', 'roster_age']",0.342930450044288
excl. COVID,extended,no-covid-extended,120,0.3894211189466529,12042.442182857823,"[135.4404072876361, 0.2861764751490502, -0.062237967311893024, 0.39556652942991627, -2.7689443952150485, -0.32717507542768615]","[2.0122030066183072e-05, 0.1609718871004202, 0.5533473429649454, 0.08429171657833523, 0.003803370081203017, 0.30996371560859837]","['last_year_wins', 'pythag_wins', 'team_war', 'roster_age', 'gap_score']",0.33888923574958896
