subset,model,label,n,r2,rss,beta,pvals,cols,pooled_cv_r2
all years,baseline,all-years-baseline,180,0.07763867821166415,84734.485561056,"[74.21051234705398, -0.19501362093555377, -0.2885167670524625, 0.8702624347553467, 0.26162069502370633]","[0.10772476069735548, 0.3250560846938928, 0.10464779815264591, 0.00027977424301406373, 0.8732167104050297]","['last_year_wins', 'pythag_wins', 'team_war', 'roster_age']",-0.4947821992910333
all years,extended,all-years-extended,180,0.07811962376439929,84690.3025787136,"[79.37275234137, -0.18837838790253325, -0.28936090944077547, 0.8611915081855388, 0.20573879783139348, -0.15493379767649337]","[0.10782698451030326, 0.34596051281852613, 0.10459194166634855, 0.0003716313218464773, 0.9010208170596115, 0.7635528118086943]","['last_year_wins', 'pythag_wins', 'team_war', 'roster_age', 'gap_score']",-0.5107522993988924
excl. COVID,baseline,no-covid-baseline,120,0.3838505300833046,12152.310860588068,"[121.18185529094808, 0.3036994869924681, -0.047026410411081125, 0.37001573602739984, -2.608551862449742]","[1.7629034573696245e-05, 0.13570305026836915, 0.6508573840182108, 0.10400129875815689, 0.005606892688120535]","['last_year_wins', 'pythag_wins', 'team_war', 'roster_age']",0.342930450044288
excl. COVID,extended,no-covid-extended,120,0.384678519342711,12135.980435324705,"[125.9528209769944, 0.29538303700094265, -0.053613051922267535, 0.3820789816964516, -2.6425641711336216, -0.12341478584293654]","[4.675833290379572e-05, 0.1503395244801642, 0.6118759562001004, 0.09755097186931616, 0.005392271259119674, 0.6960375997182686]","['last_year_wins', 'pythag_wins', 'team_war', 'roster_age', 'gap_score']",0.3391171768752843
